id,name,regionnumber,sequence
1, human_genome,1,"{{'id': '1'}, {'nucleotides': 'CTGTTAATTAATGAA'},{'id': '2'}, {'nucleotides': 'CTGTTAATTAATGAA'},{'id': '3'}, {'nucleotides': 'CTGTTAATTAATGAA'},{'id': '4'}, {'nucleotides': 'CTGTTAATTAATGAA'},{'id': '5'}, {'nucleotides': 'CTGTTAATTAATGAA'},{'id': '6'}, {'nucleotides': 'CTGTTAATTAATGAA'},{'id': '7'}, {'nucleotides': 'CTGTTAATTAATGAA'},{'id': '8'}, {'nucleotides': 'CTGTTAATTAATGAA'},{'id': '9'}, {'nucleotides': 'CTGTTAATTAATGAA'},{'id': '10'}, {'nucleotides': 'CTGTTAATTAATGAA'}}"
2, human_genome,2,"{{'id': '1'}, {'nucleotides': 'CTGTTAATTAATGAA'},{'id': '2'}, {'nucleotides': 'CTGTTAATTAATGAA'},{'id': '3'}, {'nucleotides': 'CTGTTAATTAATGAA'},{'id': '4'}, {'nucleotides': 'CTGTTAATTAATGAA'},{'id': '5'}, {'nucleotides': 'CTGTTAATTAATGAA'},{'id': '6'}, {'nucleotides': 'CTGTTAATTAATGAA'},{'id': '7'}, {'nucleotides': 'CTGTTAATTAATGAA'},{'id': '8'}, {'nucleotides': 'CTGTTAATTAATGAA'},{'id': '9'}, {'nucleotides': 'CTGTTAATTAATGAA'},{'id': '10'}, {'nucleotides': 'CTGTTAATTAATGAA'}}"
3, human_genome,3,"{{'id': '1'}, {'nucleotides': 'CTGTTAATTAATGAA'},{'id': '2'}, {'nucleotides': 'CTGTTAATTAATGAA'},{'id': '3'}, {'nucleotides': 'CTGTTAATTAATGAA'},{'id': '4'}, {'nucleotides': 'CTGTTAATTAATGAA'},{'id': '5'}, {'nucleotides': 'CTGTTAATTAATGAA'},{'id': '6'}, {'nucleotides': 'CTGTTAATTAATGAA'},{'id': '7'}, {'nucleotides': 'CTGTTAATTAATGAA'},{'id': '8'}, {'nucleotides': 'CTGTTAATTAATGAA'},{'id': '9'}, {'nucleotides': 'CTGTTAATTAATGAA'},{'id': '10'}, {'nucleotides': 'CTGTTAATTAATGAA'}}"
4, human_genome,4,"{{'id': '1'}, {'nucleotides': 'CTGTTAATTAATGAA'},{'id': '2'}, {'nucleotides': 'CTGTTAATTAATGAA'},{'id': '3'}, {'nucleotides': 'CTGTTAATTAATGAA'},{'id': '4'}, {'nucleotides': 'CTGTTAATTAATGAA'},{'id': '5'}, {'nucleotides': 'CTGTTAATTAATGAA'},{'id': '6'}, {'nucleotides': 'CTGTTAATTAATGAA'},{'id': '7'}, {'nucleotides': 'CTGTTAATTAATGAA'},{'id': '8'}, {'nucleotides': 'CTGTTAATTAATGAA'},{'id': '9'}, {'nucleotides': 'CTGTTAATTAATGAA'},{'id': '10'}, {'nucleotides': 'CTGTTAATTAATGAA'}}"
5, human_genome,5,"{{'id': '1'}, {'nucleotides': 'CTGTTAATTAATGAA'},{'id': '2'}, {'nucleotides': 'CTGTTAATTAATGAA'},{'id': '3'}, {'nucleotides': 'CTGTTAATTAATGAA'},{'id': '4'}, {'nucleotides': 'CTGTTAATTAATGAA'},{'id': '5'}, {'nucleotides': 'CTGTTAATTAATGAA'},{'id': '6'}, {'nucleotides': 'CTGTTAATTAATGAA'},{'id': '7'}, {'nucleotides': 'CTGTTAATTAATGAA'},{'id': '8'}, {'nucleotides': 'CTGTTAATTAATGAA'},{'id': '9'}, {'nucleotides': 'CTGTTAATTAATGAA'},{'id': '10'}, {'nucleotides': 'CTGTTAATTAATGAA'}}"
6, human_genome,6,"{{'id': '1'}, {'nucleotides': 'CTGTTAATTAATGAA'},{'id': '2'}, {'nucleotides': 'CTGTTAATTAATGAA'},{'id': '3'}, {'nucleotides': 'CTGTTAATTAATGAA'},{'id': '4'}, {'nucleotides': 'CTGTTAATTAATGAA'},{'id': '5'}, {'nucleotides': 'CTGTTAATTAATGAA'},{'id': '6'}, {'nucleotides': 'CTGTTAATTAATGAA'},{'id': '7'}, {'nucleotides': 'CTGTTAATTAATGAA'},{'id': '8'}, {'nucleotides': 'CTGTTAATTAATGAA'},{'id': '9'}, {'nucleotides': 'CTGTTAATTAATGAA'},{'id': '10'}, {'nucleotides': 'CTGTTAATTAATGAA'}}"
7, human_genome,7,"{{'id': '1'}, {'nucleotides': 'CTGTTAATTAATGAA'},{'id': '2'}, {'nucleotides': 'CTGTTAATTAATGAA'},{'id': '3'}, {'nucleotides': 'CTGTTAATTAATGAA'},{'id': '4'}, {'nucleotides': 'CTGTTAATTAATGAA'},{'id': '5'}, {'nucleotides': 'CTGTTAATTAATGAA'},{'id': '6'}, {'nucleotides': 'CTGTTAATTAATGAA'},{'id': '7'}, {'nucleotides': 'CTGTTAATTAATGAA'},{'id': '8'}, {'nucleotides': 'CTGTTAATTAATGAA'},{'id': '9'}, {'nucleotides': 'CTGTTAATTAATGAA'},{'id': '10'}, {'nucleotides': 'CTGTTAATTAATGAA'}}"
8, human_genome,8,"{{'id': '1'}, {'nucleotides': 'CTGTTAATTAATGAA'},{'id': '2'}, {'nucleotides': 'CTGTTAATTAATGAA'},{'id': '3'}, {'nucleotides': 'CTGTTAATTAATGAA'},{'id': '4'}, {'nucleotides': 'CTGTTAATTAATGAA'},{'id': '5'}, {'nucleotides': 'CTGTTAATTAATGAA'},{'id': '6'}, {'nucleotides': 'CTGTTAATTAATGAA'},{'id': '7'}, {'nucleotides': 'CTGTTAATTAATGAA'},{'id': '8'}, {'nucleotides': 'CTGTTAATTAATGAA'},{'id': '9'}, {'nucleotides': 'CTGTTAATTAATGAA'},{'id': '10'}, {'nucleotides': 'CTGTTAATTAATGAA'}}"
9, human_genome,9,"{{'id': '1'}, {'nucleotides': 'CTGTTAATTAATGAA'},{'id': '2'}, {'nucleotides': 'CTGTTAATTAATGAA'},{'id': '3'}, {'nucleotides': 'CTGTTAATTAATGAA'},{'id': '4'}, {'nucleotides': 'CTGTTAATTAATGAA'},{'id': '5'}, {'nucleotides': 'CTGTTAATTAATGAA'},{'id': '6'}, {'nucleotides': 'CTGTTAATTAATGAA'},{'id': '7'}, {'nucleotides': 'CTGTTAATTAATGAA'},{'id': '8'}, {'nucleotides': 'CTGTTAATTAATGAA'},{'id': '9'}, {'nucleotides': 'CTGTTAATTAATGAA'},{'id': '10'}, {'nucleotides': 'CTGTTAATTAATGAA'}}"
10, human_genome,10,"{{'id': '1'}, {'nucleotides': 'CTGTTAATTAATGAA'},{'id': '2'}, {'nucleotides': 'CTGTTAATTAATGAA'},{'id': '3'}, {'nucleotides': 'CTGTTAATTAATGAA'},{'id': '4'}, {'nucleotides': 'CTGTTAATTAATGAA'},{'id': '5'}, {'nucleotides': 'CTGTTAATTAATGAA'},{'id': '6'}, {'nucleotides': 'CTGTTAATTAATGAA'},{'id': '7'}, {'nucleotides': 'CTGTTAATTAATGAA'},{'id': '8'}, {'nucleotides': 'CTGTTAATTAATGAA'},{'id': '9'}, {'nucleotides': 'CTGTTAATTAATGAA'},{'id': '10'}, {'nucleotides': 'CTGTTAATTAATGAA'}}"
